#9
amal,8129177580,amal@gmail.com
Binil George,9995349920,binil1@gmail.com
Mathew,1234567890,mathew@gmail.com
Alwin labu,9876543210,alwin@gmail.com
Amal,9895543522,amal2001@gmail.com
lilly,9895543526,lilly@gmail.com
George Antony,9895273031,george2003@gmail.com
Basil,0987612343,basil1@gmail.com
ajmal,9876543250,ajmal@gmail.com
